barcode	sample_id	parent_id	cmo_id	modality	tissue	species	stage	condition	condition_injury	timepoint	celltype_biased	repair_mode
AAATGGACAGCTGGTC-1	Cryo_CM_1dpi_nuclei_1	Cryo_CM_nuclei_batch1_GEX	CMO301	scRNAseq	non_cardiomyocytes_ventricle_sections	mouse	adult	WT	cryo	1dpi	enriched	scarring
AACGGGAGTCGAACAG-1	Cryo_CM_1dpi_nuclei_1	Cryo_CM_nuclei_batch1_GEX	CMO301	scRNAseq	non_cardiomyocytes_ventricle_sections	mouse	adult	WT	cryo	1dpi	enriched	scarring
AAGCATCCAGTCAACT-1	Cryo_CM_1dpi_nuclei_1	Cryo_CM_nuclei_batch1_GEX	CMO301	scRNAseq	non_cardiomyocytes_ventricle_sections	mouse	adult	WT	cryo	1dpi	enriched	scarring
AAGCCATAGCCTGTCG-1	Cryo_CM_1dpi_nuclei_1	Cryo_CM_nuclei_batch1_GEX	CMO301	scRNAseq	non_cardiomyocytes_ventricle_sections	mouse	adult	WT	cryo	1dpi	enriched	scarring
AAGGTAAGTGGCTAGA-1	Cryo_CM_1dpi_nuclei_1	Cryo_CM_nuclei_batch1_GEX	CMO301	scRNAseq	non_cardiomyocytes_ventricle_sections	mouse	adult	WT	cryo	1dpi	enriched	scarring
AAGTCGTGTTAGGGAC-1	Cryo_CM_1dpi_nuclei_1	Cryo_CM_nuclei_batch1_GEX	CMO301	scRNAseq	non_cardiomyocytes_ventricle_sections	mouse	adult	WT	cryo	1dpi	enriched	scarring
ACAGGGAAGGGACAGG-1	Cryo_CM_1dpi_nuclei_1	Cryo_CM_nuclei_batch1_GEX	CMO301	scRNAseq	non_cardiomyocytes_ventricle_sections	mouse	adult	WT	cryo	1dpi	enriched	scarring
ACATGCACAGGCCCTA-1	Cryo_CM_1dpi_nuclei_1	Cryo_CM_nuclei_batch1_GEX	CMO301	scRNAseq	non_cardiomyocytes_ventricle_sections	mouse	adult	WT	cryo	1dpi	enriched	scarring
ACCCAAACATACAGAA-1	Cryo_CM_1dpi_nuclei_1	Cryo_CM_nuclei_batch1_GEX	CMO301	scRNAseq	non_cardiomyocytes_ventricle_sections	mouse	adult	WT	cryo	1dpi	enriched	scarring
ACGGAAGTCAGATTGC-1	Cryo_CM_1dpi_nuclei_1	Cryo_CM_nuclei_batch1_GEX	CMO301	scRNAseq	non_cardiomyocytes_ventricle_sections	mouse	adult	WT	cryo	1dpi	enriched	scarring